{
  "project_info": {
    "project_number": "130744041368",
    "firebase_url": "https://sysdevmessages.firebaseio.com",
    "project_id": "sysdevmessages",
    "storage_bucket": "sysdevmessages.appspot.com"
  },
  "client": [
    {
      "client_info": {
        "mobilesdk_app_id": "1:130744041368:android:79f77eaf6cf7095c74b5ed",
        "android_client_info": {
          "package_name": "com.sysdev.messages"
        }
      },
      "oauth_client": [
        {
          "client_id": "130744041368-ppu604eheppamv7tnrs9ehef4g3873rb.apps.googleusercontent.com",
          "client_type": 3
        }
      ],
      "api_key": [
        {
          "current_key": "AIzaSyA5nxbG8I46dZ_czvwoabjHy3-adSMpfzA"
        }
      ],
      "services": {
        "appinvite_service": {
          "other_platform_oauth_client": [
            {
              "client_id": "130744041368-ppu604eheppamv7tnrs9ehef4g3873rb.apps.googleusercontent.com",
              "client_type": 3
            }
          ]
        }
      }
    }
  ],
  "configuration_version": "1"
}