<form position="0 0 240 320"
	backgroundimage="face.bmp"
	clipcolor="FF00FF"
	hoverimage="select.bmp"
	selectimage="select.bmp"> 

	<button id="101" text="Menu" command="Menu" position="185 4 15 15"></button>
	<button id="102" text="Show Menubar" command="ShowMenu" position="200 4 15 15"></button>
	<button id="103" text="Maximize" command="Maximize" position="215 4 15 15"></button>
	<button id="104" text="Close" command="Close" position="230 4 15 15"></button>
	<button id="105" text="Show Toolbar" command="LoadSkin:expand.xml" position="20 340 200 10"></button>

	<button	id="106" runat="desktop" action="run"
			command="mexplorer" text="Mobile Explorer"
			position="245 4 15 15" ></button>

	<control id="200" text="MobileView" position="5 20 240 320" zoom="100"> </control>
</form>
